rozetka_value,size_id,intertop_value
2XS,2177,XXS
XXXL,2047,3XL
134 см зріст,1869,134
98 см зріст,1710,98
S-М,5085,S-M
XS/S,5086,XS-S
XL/XXL,6214,XL-XXL
M-Зріст 182/188,12748,M (long)
one size,1624,ONESIZE
M/L,5084,M-L
S 158 см зріст,12749,S (short)
S-Зріст 182/188,12750,S (long)
116 см зріст,1839,116
152 см зріст,1893,152
128 см зріст,1858,128
140 см зріст,1880,140
122 см зріст,1855,122
158 см зріст,1896,158
95 см зріст,1607,95
86 см зріст,2135,86
164  см зріст,1700,164
110 см зріст,1836,110
104 см зріст,1823,104
146 см зріст,1882,146
92 см зріст,1708,92
.2,1394,.2
.3,1395,.3
.4,1396,.4
.5,1397,.5
.6,1398,.6
13.5,1433,13.5
30/32,1445,30/32
30/34,1447,30/34
31/34,1449,31/34
32/32,1451,32/32
32/34,1453,32/34
34/32,1457,34/32
34/34,1459,34/34
35/34,1463,35/34
35/38,1464,35/38
350,1465,350
36-40,1467,36-40
36/34,1469,36/34
36/36,1471,36/36
38/34,1482,38/34
38/36,1484,38/36
380,1486,380
39-41,1489,39-41
39/42,1491,39/42
40-46,1495,40-46
40/34,1498,40/34
40/36,1500,40/36
41-43,1505,41-43
42/34,1514,42/34
42/36,1517,42/36
43-45,1522,43-45
44-46,1528,44-46
450,1537,450
480,1553,480
500,1563,500
57,1579,57
600,1588,600
650,1595,650
700,1599,700
750,1600,750
800,1602,800
90,1606,90
95,1607,95
ONESIZE,1624,ONESIZE
XSS,1635,XSS
104-110 ,1690,104-110 
110-116,1691,110-116
116-122 ,1692,116-122 
122-128,1693,122-128
128-134 ,1694,128-134 
134-140,1695,134-140
140-146,1696,140-146
146-152,1697,146-152
152-158,1698,152-158
158-164,1699,158-164
164,1700,164
56-62 ,1701,56-62 
62-68,1702,62-68
68-74,1703,68-74
74,1704,74
74-80,1705,74-80
80-86,1706,80-86
86-92,1707,86-92
92,1708,92
92-98,1709,92-98
98,1710,98
98-104,1711,98-104
YS,1712,YS
02A,1774,02A
04A,1784,04A
05A,1787,05A
06A,1790,06A
06M,1792,06M
08A,1798,08A
09A,1803,09A
09M,1805,09M
1,1807,1
10,1815,10
100,1821,100
102,1822,102
104,1823,104
105,1824,105
106,1825,106
10A,1826,10A
10Y,1829,10Y
11,1830,11
110,1836,110
114,1837,114
115,1838,115
116,1839,116
11A,1840,11A
11Y,1844,11Y
12,1845,12
120,1854,120
122,1855,122
125,1856,125
126,1857,126
128,1858,128
12A,1859,12A
12M,1862,12M
12Y,1863,12Y
13,1864,13
130,1868,130
134,1869,134
135,1870,135
138,1871,138
13A,1872,13A
13Y,1876,13Y
14,1877,14
140,1880,140
146,1882,146
14A,1883,14A
14Y,1885,14Y
15,1886,15
150,1892,150
152,1893,152
156,1895,156
158,1896,158
15Y,1898,15Y
16,1899,16
160,1902,160
165,1903,165
16A,1904,16A
16Y,1905,16Y
17,1906,17
17.5,1908,17.5
170,1909,170
175,1910,175
18,1911,18
180,1914,180
185,1915,185
18M,1917,18M
19,1918,19
2,1924,2
20,1929,20
21,1934,21
22,1939,22
23,1944,23
24,1950,24
24M,1955,24M
25,1956,25
26,1962,26
27,1967,27
28,1972,28
29,1977,29
2Y,1982,2Y
3,1983,3
3.5,1987,3.5
30,1988,30
31,1993,31
32,1998,32
320,2001,320
32A,2003,32A
32B,2004,32B
32C,2005,32C
32D,2006,32D
33,2007,33
33/34,2010,33/34
34,2011,34
34A,2014,34A
34B,2015,34B
34C,2016,34C
34D,2017,34D
35,2018,35
36,2022,36
36.5,2024,36.5
36A,2026,36A
36B,2027,36B
36C,2028,36C
36D,2029,36D
36M,2030,36M
37,2031,37
37.5,2033,37.5
38,2035,38
38.5,2037,38.5
38A,2039,38A
38B,2040,38B
38C,2041,38C
38D,2042,38D
39,2043,39
39.5,2045,39.5
3XL,2047,3XL
3XS,2048,3XS
3Y,2049,3Y
4,2050,4
40,2058,40
40.5,2060,40.5
41,2061,41
42,2065,42
42.5,2067,42.5
43,2069,43
43.5,2071,43.5
44,2073,44
44.5,2075,44.5
45,2076,45
45.5,2078,45.5
46,2080,46
47,2083,47
48,2086,48
49,2089,49
4XL,2092,4XL
4Y,2093,4Y
5,2094,5
5.5,2097,5.5
50,2098,50
51,2099,51
52,2100,52
53,2101,53
54,2102,54
55,2103,55
58,2105,58
5Y,2106,5Y
6,2107,6
6.5,2110,6.5
60,2112,60
62,2113,62
64,2115,64
65,2116,65
66,2118,66
6Y,2119,6Y
7,2120,7
7.5,2123,7.5
70,2124,70
75,2125,75
7Y,2126,7Y
8,2127,8
8.5,2131,8.5
80,2132,80
82,2133,82
85,2134,85
86,2135,86
8Y,2136,8Y
9,2137,9
9.5,2140,9.5
950,2142,950
9Y,2144,9Y
L,2157,L
M,2159,M
OSO,2164,OSO
S,2165,S
T.0,2168,T.0
T.1,2169,T.1
T.2,2170,T.2
T.3,2171,T.3
XL,2173,XL
XS,2174,XS
XXL,2176,XXL
XXS,2177,XXS
Z00,2178,Z00
Z05,2180,Z05
Z15,2182,Z15
Z16,2183,Z16
Z20,2184,Z20
Z22,2185,Z22
Z25,2186,Z25
Z30,2188,Z30
56,2209,56
5XL,2241,5XL
6XL,2242,6XL
7XL,2243,7XL
02,2246,02
59,2260,59
70A,2465,70A
70B,2466,70B
70C,2467,70C
70D,2468,70D
70E,2469,70E
70F,2470,70F
75A,2471,75A
75B,2472,75B
75C,2473,75C
75D,2474,75D
75E,2475,75E
75F,2476,75F
80A,2477,80A
80B,2478,80B
80C,2479,80C
80D,2480,80D
80E,2481,80E
80F,2482,80F
85A,2483,85A
85B,2484,85B
85C,2485,85C
85D,2486,85D
85E,2487,85E
85F,2488,85F
85G,2489,85G
85H,2490,85H
85I,2491,85I
85J,2492,85J
90B,2493,90B
90C,2494,90C
90D,2495,90D
90E,2496,90E
90F,2497,90F
90G,2498,90G
90H,2499,90H
90I,2500,90I
90J,2501,90J
95B,2502,95B
95C,2503,95C
95D,2504,95D
95E,2505,95E
95F,2506,95F
95G,2507,95G
95H,2508,95H
95I,2509,95I
02T,2546,02T
03T,2547,03T
04T,2548,04T
05T,2549,05T
06T,2550,06T
3/4,2577,3/4
34-36,2578,34-36
36-38,2579,36-38
37-39,2580,37-39
40-41,2584,40-41
42-43,2585,42-43
44-45,2586,44-45
5-6,2589,5-6
38-44 мм,2657,38-44 мм
44 мм,2660,44 мм
46 мм,2661,46 мм
75I,3810,75I
31_32,3921,31_32
29_30,3930,29_30
31_30,3933,31_30
04,4354,04
31/32,4384,31/32
31/36,4385,31/36
32/36,4386,32/36
33/32,4387,33/32
35/32,4388,35/32
35/36,4389,35/36
38/32,4390,38/32
40 мм,4391,40 мм
42 мм,4392,42 мм
42-44,4393,42-44
46-48,4394,46-48
50-52,4395,50-52
75G,4397,75G
75H,4398,75H
80G,4399,80G
29_32,4429,29_32
06,4477,06
08,4478,08
176,4492,176
100B,4558,100B
100C,4559,100C
100D,4560,100D
100E,4561,100E
105B,4562,105B
105C,4563,105C
105D,4564,105D
65C,4565,65C
65D,4566,65D
65E,4567,65E
65F,4568,65F
65G,4569,65G
65H,4570,65H
65I,4571,65I
65J,4572,65J
65K,4573,65K
70G,4574,70G
70H,4575,70H
70I,4576,70I
70J,4577,70J
70K,4578,70K
75J,4579,75J
80H,4580,80H
80I,4581,80I
27/30,4632,27/30
28/30,4633,28/30
28/32,4634,28/32
29/30,4635,29/30
29/32,4636,29/32
30/30,4637,30/30
31/30,4638,31/30
32/30,4639,32/30
34/30,4640,34/30
34/36,4641,34/36
36/30,4642,36/30
36/32,4643,36/32
40/30,4644,40/30
40/32,4645,40/32
42/32,4646,42/32
100F,4678,100F
68,4692,68
24/30,4697,24/30
25/30,4698,25/30
25/32,4699,25/32
26/30,4700,26/30
26/32,4701,26/32
26/34,4702,26/34
27/32,4703,27/32
27/34,4704,27/34
28/34,4705,28/34
29/34,4706,29/34
33/30,4707,33/30
33/36,4708,33/36
38/30,4709,38/30
25/26,4718,25/26
25/28,4719,25/28
26/28,4720,26/28
27/28,4721,27/28
28/28,4722,28/28
29/28,4723,29/28
30/28,4724,30/28
31/28,4725,31/28
25/34,4767,25/34
90A,4780,90A
24/28,4809,24/28
26/26,4810,26/26
30/26,4811,30/26
27/36,4812,27/36
110G,4817,110G
115E,4818,115E
115F,4819,115F
170_176/92,4820,170_176/92
170/100,4821,170/100
170/84,4824,170/84
1-3M,4853,1-3M
3-6M,4854,3-6M
6-9M,4855,6-9M
9-12M,4856,9-12M
22-25,4913,22-25
26-29,4992,26-29
30-33,4993,30-33
34-37,4994,34-37
38-41,4995,38-41
44-50,4996,44-50
48-50,4997,48-50
52-54,4998,52-54
52-58,4999,52-58
54-56,5000,54-56
56-58,5001,56-58
38-40,5005,38-40
60B,5010,60B
65B,5011,65B
L-XL,5083,L-XL
M-L,5084,M-L
S-M,5085,S-M
XS-S,5086,XS-S
12-18M,5240,12-18M
18-24M,5241,18-24M
24-36M,5242,24-36M
0-3M,5365,0-3M
32/26,5536,32/26
32/28,5538,32/28
32/29,5539,32/29
24/32,5554,24/32
3M,5585,3M
6M,5586,6M
9M,5587,9M
0-1M,5686,0-1M
36/38,5752,36/38
40/42,5753,40/42
1-2,5758,1-2
3-4,5759,3-4
7-8,5760,7-8
104/110,5769,104/110
110/116,5770,110/116
116/122,5771,116/122
98/104,5772,98/104
0/6М,5775,0/6М
128/134,5777,128/134
134/142,5778,134/142
6/12М,5779,6/12М
4XL-5XL,5784,4XL-5XL
XXL-3XL,5785,XXL-3XL
33_30,5849,33_30
38_34,5850,38_34
142/146,5851,142/146
38E,5853,38E
38F,5854,38F
40B,5855,40B
134-142,5876,134-142
4-5,5894,4-5
6-7,5895,6-7
10-11,5916,10-11
11-12,5917,11-12
12-13,5918,12-13
13-14,5919,13-14
8-9,5920,8-9
9-10,5921,9-10
0,5925,0
40A,5987,40A
40C,5988,40C
40D,5989,40D
40E,5990,40E
40F,5991,40F
42A,5992,42A
42B,5993,42B
42C,5994,42C
42D,5995,42D
42E,5996,42E
42F,5997,42F
44B,5998,44B
44C,5999,44C
44D,6000,44D
44E,6001,44E
44F,6002,44F
46C,6003,46C
46D,6004,46D
46E,6005,46E
48C,6006,48C
48D,6007,48D
48E,6008,48E
2YS,6012,2YS
100G,6024,100G
105E,6025,105E
110B,6026,110B
110C,6027,110C
110D,6028,110D
110E,6029,110E
115B,6030,115B
115C,6031,115C
115D,6032,115D
80J,6033,80J
YL,6050,YL
YM,6051,YM
50-56,6055,50-56
35-38,6097,35-38
39-42,6098,39-42
12_18M,6112,12_18M
18_24M,6113,18_24M
3_6M,6114,3_6M
6_12M,6115,6_12M
43-46,6140,43-46
M+,6162,M+
S+,6163,S+
XL+,6164,XL+
10-12,6190,10-12
14-16,6191,14-16
6-12M,6209,6-12M
146-164,6210,146-164
164-170,6211,164-170
170-176,6212,170-176
3XL-4XL,6213,3XL-4XL
XL-XXL,6214,XL-XXL
46B,6224,46B
44/32,6232,44/32
L+,6251,L+
0-6M,6255,0-6M
1X,6282,1X
2X,6283,2X
3X,6284,3X
135-140,6366,135-140
12-18,6391,12-18
14-15,6392,14-15
18-24,6393,18-24
24-30,6394,24-30
30-36,6395,30-36
6-9,6396,6-9
9-12,6397,9-12
24-30M,6413,24-30M
30-36M,6414,30-36M
104-114,6417,104-114
119,6418,119
132,6419,132
23-26,6420,23-26
27-30,6421,27-30
28-30,6422,28-30
31-33,6423,31-33
31-34,6424,31-34
58-60,6425,58-60
60-62,6426,60-62
64-66,6427,64-66
68-70,6428,68-70
140-152,6456,140-152
4.5,6459,4.5
55-57,6512,55-57
58-59,6513,58-59
105H,6516,105H
95J,6518,95J
10-11Y,6540,10-11Y
10-12Y,6541,10-12Y
3-4Y,6542,3-4Y
4-5Y,6543,4-5Y
5-6Y,6544,5-6Y
6-7Y,6545,6-7Y
7-8Y,6546,7-8Y
8-9Y,6547,8-9Y
9-10Y,6548,9-10Y
11-12Y,6556,11-12Y
12-13Y,6557,12-13Y
13-14Y,6558,13-14Y
14-15Y,6559,14-15Y
14-16Y,6560,14-16Y
182,6576,182
62-74,6591,62-74
R1,6608,R1
R2,6609,R2
70-80A,6613,70-80A
70-80B,6614,70-80B
70-80C,6615,70-80C
190,6770,190
195,6771,195
0-18М,6871,0-18М
1-2Y,6883,1-2Y
15-16Y,6884,15-16Y
50.5,6887,50.5
105F,6898,105F
105G,6899,105G
11-14,6907,11-14
15-18,6908,15-18
19-22,6909,19-22
2-3Y,6910,2-3Y
40/38,6911,40/38
L/L,6912,L/L
XL/L,6913,XL/L
2-4М,6918,2-4М
36/38M,6960,36/38M
35-37,6996,35-37
44/38,6998,44/38
48/42,7001,48/42
48/M,7003,48/M
52/XL,7006,52/XL
44/XS,7098,44/XS
50/44,7099,50/44
56/3XL,7100,56/3XL
6X,11192,6X
24/34,11246,24/34
36/48M,11276,36/48M
30/36,11294,30/36
44/34,11295,44/34
44/36,11296,44/36
XS-M,11320,XS-M
110-128,11332,110-128
146-162,11356,146-162
158-170,11357,158-170
45-46,11358,45-46
70С,11475,70С
136,11660,136
38-42,11664,38-42
6A,11665,6A
69,11698,69
26-28,11721,26-28
27-28,11722,27-28
32-28,11723,32-28
33-32,11724,33-32
34-32,11725,34-32
36-32,11726,36-32
38-32,11727,38-32
28-28,11728,28-28
82-92,11764,82-92
186,11789,186
24/25,11790,24/25
26/27,11791,26/27
10-13,11805,10-13
20-21,11806,20-21
20/22,11807,20/22
23-24,11808,23-24
23/24,11809,23/24
25-27,11810,25-27
25.5-35.5,11811,25.5-35.5
25/27,11812,25/27
28-36,11813,28-36
31/33,11814,31/33
35-39.5,11815,35-39.5
36/37,11816,36/37
37/38,11817,37/38
37/39,11818,37/39
38/39,11819,38/39
38/42,11820,38/42
39/40,11821,39/40
41-46,11822,41-46
42/44,11823,42/44
43/46,11824,43/46
52/53,11828,52/53
54/55,11830,54/55
55/57,11832,55/57
57/59,11834,57/59
69-74,11835,69-74
7-10,11836,7-10
88,11837,88
9-11,11838,9-11
40-42,11842,40-42
7-8.5,11843,7-8.5
118,11853,118
126/131,11854,126/131
138/142,11855,138/142
150/155,11856,150/155
50/56,11857,50/56
62/68,11858,62/68
86/92,11859,86/92
92/116,11860,92/116
98/140,11861,98/140
24/48,11882,24/48
25/50,11883,25/50
26/52,11884,26/52
27/54,11885,27/54
28/56,11886,28/56
29/58,11887,29/58
36-46,11890,36-46
4X,11932,4X
12-14,11940,12-14
12-2,11941,12-2
2.5-5,11942,2.5-5
3XL/L,11943,3XL/L
3XL/S,11944,3XL/S
47-49,11945,47-49
4XL/L,11946,4XL/L
4XL/S,11947,4XL/S
Adult,11948,Adult
Kids,11949,Kids
L/S,11950,L/S
M/S,11951,M/S
S/L,11953,S/L
S/S,11954,S/S
UA,11955,UA
XL/S,11956,XL/S
XS/L,11957,XS/L
XXL/L,11958,XXL/L
XXL/S,11959,XXL/S
XXS/L,11960,XXS/L
XXS/S,11961,XXS/S
Youth,11962,Youth
28_34,12020,28_34
30_34,12021,30_34
40_34,12022,40_34
28_34,12023,28_34
30_34,12024,30_34
40_34,12025,40_34
18Y,12059,18Y
34/40,12062,34/40
35/30,12065,35/30
15-16,12068,15-16
2-3,12074,2-3
33/38,12075,33/38
37/32,12090,37/32
15.5,12119,15.5
120D,12136,120D
46_32,12235,46_32
KXL,12251,KXL
KXXL,12252,KXXL
L 7,12253,L 7
M 7,12254,M 7
MT,12255,MT
100DD,12257,100DD
105DD,12258,105DD
110DD,12259,110DD
115DD,12260,115DD
120DD,12261,120DD
120Е,12262,120Е
95DD,12263,95DD
testtest,12264,testtest
25-32,12569,25-32
26-32,12570,26-32
28-32,12571,28-32
29-30,12572,29-30
29-31,12573,29-31
30-30,12574,30-30
31-31,12575,31-31
32-31,12576,32-31
34-30,12577,34-30
37-32,12578,37-32
25-30,12601,25-30
27-32,12602,27-32
32-30,12603,32-30
33-31,12604,33-31
74/80,12617,74/80
33_34,12619,33_34
40-44,12623,40-44
46-50,12624,46-50
52-56,12625,52-56
31_34,12632,31_34
29_34,12636,29_34
10.5,12681,10.5
11.5,12682,11.5
12.5,12683,12.5
36-39,12684,36-39
4-6M,12685,4-6M
103,12688,103
146-170,12689,146-170
152-176,12690,152-176
68-98,12691,68-98
99,12692,99
01T,12702,01T
07T,12703,07T
3XL (short),12741,3XL (short)
3XL (long),12742,3XL (long)
4XL (short),12743,4XL (short)
4XL (long),12744,4XL (long)
L (short),12745,L (short)
L (long),12746,L (long)
M (short),12747,M (short)
M (long),12748,M (long)
S (short),12749,S (short)
S (long),12750,S (long)
XL (short),12751,XL (short)
XL (long),12752,XL (long)
XS (short),12753,XS (short)
XS (long),12754,XS (long)
XXL (short),12755,XXL (short)
XXL (long),12756,XXL (long)
XXS (short),12757,XXS (short)
XXS (long),12758,XXS (long)
35/41,12799,35/41
164/96/102,12870,164/96/102
170/84/90,12871,170/84/90
170/88/94,12872,170/88/94
170/92/98,12873,170/92/98
170/96/102,12874,170/96/102
176/88/94,12875,176/88/94
46/32,12878,46/32
30-29,12894,30-29
75DD,12902,75DD
80DD,12914,80DD
85DD,12915,85DD
40 (long),12969,40 (long)
40 (short),12970,40 (short)
42 (long),12971,42 (long)
42 (short),12972,42 (short)
44 (long),12973,44 (long)
44 (short),12974,44 (short)
46 (long),12975,46 (long)
46 (short),12976,46 (short)
48 (long),12977,48 (long)
48 (short),12978,48 (short)
50 (long),12979,50 (long)
50 (short),12980,50 (short)
52 (long),12981,52 (long)
52 (short),12982,52 (short)
54 (long),12983,54 (long)
54 (short),12984,54 (short)
56 (long),12985,56 (long)
56 (short),12986,56 (short)
58 (long),12987,58 (long)
58 (short),12988,58 (short)
5XL (long),12989,5XL (long)
5XL (short),12990,5XL (short)
60 (long),12991,60 (long)
60 (short),12992,60 (short)
62 (long),12993,62 (long)
62 (short),12994,62 (short)
64 (long),12995,64 (long)
64 (short),12996,64 (short)
66 (long),12997,66 (long)
66 (short),12998,66 (short)
68 (long),12999,68 (long)
68 (short),13000,68 (short)
6XL (long),13001,6XL (long)
6XL (short),13002,6XL (short)
70 (long),13003,70 (long)
70 (short),13004,70 (short)
0-12M,13035,0-12M
6-18M,13036,6-18M
26/31,13052,26/31
29/31,13053,29/31
31/31,13054,31/31
42_44,13057,42_44
42_46,13058,42_46
46_48,13059,46_48
48_52,13060,48_52
M/XL,13061,M/XL
XS/M,13062,XS/M
29/31,13084,29/31
32/31,13085,32/31
33/31,13086,33/31
90DD,13096,90DD
3/4Y,13097,3/4Y
4/5Y,13098,4/5Y
26/29,13101,26/29
27/29,13102,27/29
28/29,13103,28/29
29/29,13104,29/29
30/29,13105,30/29
31/29,13106,31/29
XS-L,13129,XS-L
0/6M,13140,0/6M
6/12M,13150,6/12M
32-29,13167,32-29
32-34,13168,32-34
33-29,13169,33-29
L/30,13224,L/30
L/34,13225,L/34
M/32,13226,M/32
S/30,13227,S/30
S/34,13228,S/34
XS/32,13229,XS/32
XS/34,13230,XS/34
2XL/30,13238,2XL/30
2XL/32,13239,2XL/32
L/32,13240,L/32
M/30,13241,M/30
M/34,13242,M/34
S/32,13243,S/32
XL/30,13244,XL/30
XL/32,13245,XL/32
XL/34,13246,XL/34
XS/30,13247,XS/30
42/30,13248,42/30
L2,13301,L2
M2,13302,M2
S2,13303,S2
27-29,13306,27-29
28-29,13307,28-29
31-29,13308,31-29
LT,13342,LT
ST,13343,ST
XLT,13344,XLT
141-149,13552,141-149
155-159,13553,155-159
159-167,13554,159-167
27-34,13560,27-34
103-110,13581,103-110
137-147,13582,137-147
15-17,13583,15-17
150-157,13584,150-157
160-170,13585,160-170
18-20,13586,18-20
21-23,13587,21-23
24-26,13588,24-26
35-42,13589,35-42
37-42,13590,37-42
5-7,13601,5-7
112-122,13631,112-122
125-135,13632,125-135
25-29,13718,25-29
29-29,13719,29-29
29-32,13720,29-32
30-32,13721,30-32
30-34,13722,30-34
32-32,13723,32-32
34-34,13724,34-34
36-34,13725,36-34
20-25,13733,20-25
20/25,13734,20/25
25-31,13735,25-31
25/31,13736,25/31
25/33,13737,25/33
26/33,13738,26/33
27/31,13739,27/31
27/33,13740,27/33
28/31,13741,28/31
28/33,13742,28/33
36/39.5 ,13743,36/39.5 
40/45,13744,40/45
XXS-XS,13745,XXS-XS
44_46,13917,44_46
L(12),13975,L(12)
M(10),13976,M(10)
S(7/8),13977,S(7/8)
XL(14/16),13978,XL(14/16)
XS(6),13979,XS(6)
XXL(18/20),13980,XXL(18/20)
2XL7,14055,2XL7
L 5,14056,L 5
M 5,14057,M 5
XL5,14058,XL5
XL7,14059,XL7
33/29,14066,33/29
34/31,14067,34/31
46/50,14068,46/50
32/40,14103,32/40
33/40,14104,33/40
26-30,14107,26-30
33-34,14108,33-34
XST,14109,XST
10-14Y,14116,10-14Y
12-14Y,14117,12-14Y
2-4Y,14118,2-4Y
2-6Y,14119,2-6Y
4-6Y,14120,4-6Y
6-10Y,14121,6-10Y
6-24M,14122,6-24M
6-8Y,14123,6-8Y
8-10Y,14124,8-10Y
28-34,14130,28-34
L 5,14134,L 5
L 7,14135,L 7
M 5,14136,M 5
S 5,14137,S 5
XL5,14138,XL5
XL 5,14156,XL 5
2XL 5,14159,2XL 5
2XL 7,14184,2XL 7
48-52,14185,48-52
M 7,14186,M 7
S 7,14187,S 7
XL 7,14188,XL 7
XXL 7,14189,XXL 7
16-18,14203,16-18
22-24,14204,22-24
3-5,14205,3-5
7-9,14206,7-9
9-11,14207,9-11
92-128,14208,92-128
110-122,14223,110-122
M 8,14238,M 8
S 4,14239,S 4
S 6,14240,S 6
XS 2,14241,XS 2
24/29,14254,24/29
25/29,14255,25/29
26/35,14256,26/35
27/35,14257,27/35
28/35,14258,28/35
30-31,14259,30-31
30/33,14260,30/33
33/33,14261,33/33
34/33,14262,34/33
36/33,14263,36/33
L4,14264,L4
S4,14265,S4
XS4,14266,XS4
M7,14344,M7
2XL5,14357,2XL5
L5,14358,L5
L7,14359,L7
M5,14360,M5
S5,14361,S5
S7,14362,S7
XL7,14363,XL7
24/31,14433,24/31
24/33,14434,24/33
25/33,14435,25/33
26/33,14436,26/33
27/33,14437,27/33
28/33,14438,28/33
29/33,14439,29/33
30/33,14440,30/33
31/33,14441,31/33
33/33,14442,33/33
34/33,14443,34/33
36/33,14444,36/33
38/31,14445,38/31
38/33,14446,38/33
40/31,14447,40/31
40/33,14448,40/33
42/31,14449,42/31
42/33,14450,42/33
44/31,14451,44/31
44/33,14452,44/33
YXL,14453,YXL
29-28,14455,29-28
30-28,14456,30-28
31-28,14457,31-28
mini,14459,mini
LAB,14464,LAB
MAB,14465,MAB
M4,14469,M4
SAB,14470,SAB
XSAB,14471,XSAB
36/40,14560,36/40
36/42,14561,36/42
26-34,14640,26-34
25-28,14648,25-28
1-2M,14682,1-2M
XL)-L,15138,XL)-L
XL)-M,15139,XL)-M
XL)-S,15140,XL)-S
XL)-XL,15141,XL)-XL
XL)-XS,15142,XL)-XS
XXL)-L,15143,XXL)-L
XXL)-M,15144,XXL)-M
XXL)-S,15145,XXL)-S
XXL)-XL,15146,XXL)-XL
XXL)-XXL,15147,XXL)-XXL
XL4,15149,XL4
33-30,15177,33-30
XXS/32,15182,XXS/32
XXS/34,15183,XXS/34
XXL/30,15223,XXL/30
XXL/32,15224,XXL/32
158/164,15285,158/164
LCD,15317,LCD
№10,15322,№10
№10-11,15323,№10-11
№11,15324,№11
№11-12T,15325,№11-12T
№11-13,15326,№11-13
№11-13Т,15327,№11-13Т
№11-14,15328,№11-14
№12,15329,№12
№12-13,15330,№12-13
№12-14,15331,№12-14
№12T,15332,№12T
№12М,15333,№12М
№13,15334,№13
№13-14,15335,№13-14
№13-15,15336,№13-15
№13-15Т,15337,№13-15Т
№13M,15338,№13M
№13Т,15339,№13Т
№14,15340,№14
№14-15Т,15341,№14-15Т
№14-16,15342,№14-16
№14T,15343,№14T
№14М,15344,№14М
№15,15345,№15
№15-16,15346,№15-16
№15М,15347,№15М
№16,15348,№16
№16-17М,15349,№16-17М
№16-18,15350,№16-18
№16M,15351,№16M
№17,15352,№17
№17-19М,15353,№17-19М
№17М,15354,№17М
№17Т,15355,№17Т
№18,15356,№18
№18-19Т,15357,№18-19Т
№18М,15358,№18М
№19,15359,№19
№19M,15360,№19M
№20,15361,№20
№20М,15362,№20М
№21,15363,№21
№22,15364,№22
№23,15365,№23
№28,15366,№28
№8,15367,№8
№8-10,15368,№8-10
№8-9,15369,№8-9
№9,15370,№9
№9-10,15371,№9-10
№9M,15372,№9M
180,15375,180
95А,15376,95А
26-31,15398,26-31
27-31,15399,27-31
28-31,15400,28-31
XL-3XL,15412,XL-3XL
XS-L,15413,XS-L
27/26,15479,27/26
28/26,15480,28/26
29/26,15481,29/26
29/36,15482,29/36
31/26,15483,31/26
34/28,15484,34/28
41/L,15569,41/L
42/L,15570,42/L
43/L,15571,43/L
44/L,15572,44/L
100/102,15592,100/102
116/120,15593,116/120
162,15594,162
65A,15699,65A
8-12Y,15739,8-12Y
12-16Y,15741,12-16Y
S1,15753,S1
26/31,15796,26/31
29\29,15797,29\29
70L,15852,70L
70M,15853,70M
70N,15854,70N
70O,15855,70O
75I/J,15856,75I/J
75K,15857,75K
75L,15858,75L
75M,15859,75M
75N,15860,75N
75O,15861,75O
80G/H,15862,80G/H
80K,15863,80K
80L,15864,80L
80M,15865,80M
80N,15866,80N
80O,15867,80O
85G/H,15868,85G/H
85I/J,15869,85I/J
85K,15870,85K
85L,15871,85L
85M,15872,85M
85N,15873,85N
85O,15874,85O
90G/H,15875,90G/H
90I/J,15876,90I/J
90K,15877,90K
90L,15878,90L
90M,15879,90M
90N,15880,90N
90O,15881,90O
95G/H,15882,95G/H
MCD,15925,MCD
SCD,15926,SCD
48/50,15962,48/50
52/54,15963,52/54
D1,15964,D1
D16,15965,D16
D17,15966,D17
D18,15967,D18
D19,15968,D19
D2,15969,D2
D20,15970,D20
D21,15971,D21
D3,15972,D3
S3,15973,S3
16Y+,15976,16Y+
XXL (long),15999,XXL (long)
46/S,16061,46/S
48/M,16062,48/M
50/L,16063,50/L
52/XL,16064,52/XL
54/XXL,16065,54/XXL
46_32,16076,46_32
40-32,16102,40-32
44/38,16103,44/38
46/40,16104,46/40
OSFA,16145,OSFA
38/40,16146,38/40
24/LNG,16276,24/LNG
24/REG,16277,24/REG
24/SHT,16278,24/SHT
25/LNG,16279,25/LNG
25/REG,16280,25/REG
25/SHT,16281,25/SHT
26/LNG,16282,26/LNG
26/REG,16283,26/REG
26/SHT,16284,26/SHT
27/LNG,16285,27/LNG
27/REG,16286,27/REG
28/LNG,16287,28/LNG
28/REG,16288,28/REG
28/SHT,16289,28/SHT
29/LNG,16290,29/LNG
29/REG,16291,29/REG
30/LNG,16292,30/LNG
30/REG,16293,30/REG
30/SHT,16294,30/SHT
31/LNG,16295,31/LNG
31/REG,16296,31/REG
32/LNG,16297,32/LNG
32/REG,16298,32/REG
32/SHT,16299,32/SHT
34/LNG,16300,34/LNG
34/REG,16301,34/REG
34/SHT,16302,34/SHT
3XL/M,16344,3XL/M
4XL/M,16345,4XL/M
L/M,16346,L/M
M/M,16347,M/M
XL/M,16348,XL/M
XXL/M,16349,XXL/M
42-45,16449,42-45
142,16497,142
34/35,16547,34/35
10/12,16588,10/12
14/16,16589,14/16
110H,16632,110H
110I,16633,110I
115G,16634,115G
120C,16635,120C
120G,16636,120G
1XL,16637,1XL
100I,16653,100I
100J,16654,100J
100K,16655,100K
95K,16656,95K
95L,16657,95L
95M,16658,95M
95N,16659,95N
95O,16660,95O
34/38,16665,34/38
38/38,16666,38/38
44-48,16667,44-48
65L,16671,65L
25/29,16693,25/29
27/RG,16788,27/RG
28/RG,16789,28/RG
29/RG,16790,29/RG
30/RG,16791,30/RG
31/RG,16792,31/RG
27/31,16880,27/31
29/31,16881,29/31
30/31,16885,30/31
XXS/30,16901,XXS/30
XXL/34,16975,XXL/34
100H,17114,100H
40/L,17232,40/L
50_52,17245,50_52
128-137,17507,128-137
137-146,17508,137-146
146-156,17509,146-156
147-158,17510,147-158
156-166,17511,156-166
8xl,18510,8xl
46/34,18513,46/34
72,18514,72
12-24M,18550,12-24M
14s,18630,14s
16s,18631,16s
18s,18632,18s
20s,18633,20s
23/30,18634,23/30
23/32,18635,23/32
23/33,18677,23/33
23/34,18678,23/34
25/36,18679,25/36
26/25,18680,26/25
26/36,18681,26/36
27/25,18682,27/25
28/25,18683,28/25
28/9,18684,28/9
29/25,18685,29/25
29/9,18686,29/9
30/9,18687,30/9
31/9,18688,31/9
32/35,18689,32/35
32/38,18690,32/38
32/42,18691,32/42
32/9,18692,32/9
33/9,18693,33/9
34/42,18694,34/42
34/9,18695,34/9
36/29,18696,36/29
36/9,18697,36/9
38/29,18698,38/29
39/43,18699,39/43
40/29,18700,40/29
42/29,18701,42/29
42/42,18702,42/42
44/29,18703,44/29
44/30,18704,44/30
46/30,18705,46/30
58/6,18706,58/6
60/6,18707,60/6
94,18708,94
